형태소,빈도수
갈치,171
너무,129
고등어,96
구이,86
튀김,85
음식,83
조림,83
정말,81
국물,72
반찬,71
가격,70
식당,68
방문,68
라면,65
비빔밥,62
주문,60
먹어,55
맛집,53
진짜,53
그냥,45
해물,44
국수,43
김밥,43
추천,42
메뉴,41
고기,41
정식,40
느낌,38
문어,35
맛있어요,34
옥돔,34
먹기,34
몸국,33
밑반찬,32
떡볶이,32
맛있다,31
맛있는,31
전복,31
아침,29
손님,29
한치,29
자리,28
새우,28
돼지,28
재료,27
가게,27
별로,27
맛있게,27
여행,27
처음,26
ㅋㅋ,26
생선,26
우동,26
같은,25
맛있고,24
ㅠㅠ,24
먹으면,23
아주,23
김치,23
가성,23
해장국,23
성게,22
사장,22
맛있었어요,22
근처,22
먹는,22
좋았어요,21
합니다,21
미역국,21
양념,21
맛있음,20
ㅎㅎ,20
만원,20
가서,20
고기국수,20
오는,20
엄청,19
개인,19
바다,19
웨이팅,19
최고,19
그릇,19
인분,19
깔끔하고,18
분위기,18
갈비,18
예약,18
엄마,18
서비스,18
우럭,18
점심,17
추가,17
먹었어요,17
참돔,17
전화,17
호텔,17
직원,16
이지,16
살짝,16
않은,16
식사,16
먹은,16
매우,16
전체,15
사진,15
먹었는데,15
가족,15
맛있었다,15
먹었다,15
먹으러,15
깻잎,15
순대,15
자극,14
좋아요,14
특히,14
유명한,14
꼬막,14
소스,14
리뷰,14
대기,14
적당히,14
입맛,14
바삭,14
제육,14
오픈,13
좋아서,13
가는,13
스타일,13
가장,13
주차,13
냄새,13
일찍,13
먹어도,13
제일,13
빨리,13
의사,13
테이블,13
으로는,13
괜찮은,13
소고기,12
있어요,12
간이,12
먹었습니다,12
지리,12
좋아하는,12
완전,12
계속,12
무난,12
맛있었고,12
매콤,12
서울,12
선지,12
볶음,12
물회,12
스낵,12
해산물,11
메인,11
공기밥,11
맛있어서,11
기분,11
깔끔한,11
했지만,11
회전,11
식감,11
대국,11
들깨,11
기본,11
친구,11
숙소,11
재연,11
마리,10
가득,10
같습니다,10
나쁘지,10
없어서,10
도둑,10
필요,10
ㅋㅋㅋ,10
쌈밥,10
위치,10
평점,10
기도,10
굉장히,10
먹으니,10
건강한,9
들어가서,9
후기,9
설명,9
이유,9
취향,9
간장,9
같은데,9
좋았음,9
기대,9
국밥,9
양도,9
넣어,9
인가,9
감칠맛,9
있었다,9
좋았다,9
접시,9
마지막,9
매력,9
거리,9
좋다,9
볶음밥,9
만두,9
돌솥비빔밥,8
해초,8
공항,8
마음,8
비벼,8
없다,8
절대,8
평가,8
김치찌개,8
참고,8
요리,8
이름,8
일반,8
야채,8
건지,8
후추,8
먹음,8
부드럽고,8
오전,8
저녁,8
게장,8
모자반,8
네거리,8
부모님,7
양념장,7
채소,7
주변,7
신선하고,7
먹던,7
달라,7
공기,7
좋았습니다,7
인상,7
관광객,7
기억,7
돼지고기,7
뚝배기,7
어른,7
동네,7
여긴,7
테라스,7
차가,7
집밥,7
한식,7
존맛,7
기다려서,7
많다,7
해조류,7
주시,7
평소,7
고등,7
였다,7
감도,7
발라,7
금방,7
먼저,7
천원,7
참기름,7
국내,7
베고,7
미리,7
구성,7
보는,7
편이,7
선택,7
전날,7
작은,7
치즈,7
않았다,7
평범,7
토속,7
들어가,6
간도,6
맛있었습니다,6
맛있는데,6
친절하시고,6
강추,6
가루,6
주인,6
담백하고,6
점심시간,6
이집,6
어찌나,6
보말,6
먹을수,6
장점,6
있었는데,6
있을,6
살이,6
있었습니다,6
좋게,6
이었습니다,6
중간,6
실망,6
그렇게,6
돌솥,6
만족,6
충분히,6
이서,6
종류,6
넣어서,6
시원하고,6
부추,6
일행,6
나물,6
간장게장,6
짐하게,6
보통,6
맛있다고,6
육수,6
소문,6
부분,6
없지만,6
성산,6
솔직히,6
ㅋㅋㅋㅋ,6
있다면,6
이란,6
도전,6
고소하고,6
주차장,6
골목,6
않게,6
백반,6
확실히,6
망고,6
플레이,6
전혀,6
찾아간,6
여기는,6
무조건,6
고사리,6
아쉬운,6
있지만,6
정신,6
먹었던,6
멸치,6
성비,6
시킨,6
포도,6
서귀포,6
콩나물,6
기름,6
날씨,6
오래,6
아주머니,6
호불호,6
본인,6
연잎밥,6
칼국수,6
김치말이,6
수육,6
밥상,5
왔어요,5
정갈하고,5
있습니다,5
많아,5
견과류,5
내부,5
모시,5
조합,5
나고,5
주시는데,5
하셔서,5
바닷가,5
주민,5
나옵니다,5
수도,5
드셔,5
앞쪽,5
해변,5
시켜서,5
특유,5
많은,5
껍질,5
많지,5
전문점,5
고민,5
돌솥밥,5
지는,5
다양한,5
있었어요,5
이전,5
나왔다,5
샐러드,5
더욱,5
어회,5
고춧가루,5
걱정,5
아무,5
보지,5
남자,5
회덮밥,5
먹다가,5
하며,5
비싼,5
음식점,5
아니다,5
주는,5
원래,5
세상,5
없었는데,5
하시는,5
이제,5
아님,5
육개장,5
좀더,5
과는,5
알았는데,5
말고,5
나름,5
부드러운,5
맛있습니다,5
들어가는,5
놀라고,5
괜찮고,5
비교,5
구경,5
섞어,5
받고,5
대비,5
좋았는데,5
특별한,5
났다,5
관광지,5
면도,5
이었는데,5
면은,5
레스토랑,5
저렴하고,5
배부르게,5
준다,5
잡고,5
둘이서,5
가시,5
올래,5
물가,5
사이드,5
묵은지,5
ㅎㅎㅎ,5
크림소스,5
동치미,5
먹을만한,5
끼리,5
저렴한,5
건강,4
주셔서,4
간단히,4
인테리어,4
육지,4
맛있네요,4
겨울,4
에선,4
ㅜㅜ,4
해야,4
그거,4
비추,4
없었습니다,4
만해,4
였습니다,4
예요,4
검색,4
이면,4
공간,4
중독,4
보단,4
쌀국수,4
애견,4
동반,4
같아,4
이니,4
좋아해서,4
고소한,4
집은,4
베고기,4
짬뽕,4
맛있지만,4
조식,4
잔뜩,4
같네요,4
상춘,4
건물,4
먹어야,4
실패,4
입안,4
정갈하게,4
한다는,4
퀄리티,4
드세요,4
않아요,4
그치만,4
빠른,4
당일,4
들어가는데,4
경험,4
미역,4
들어가있다,4
비슷한,4
이건,4
인원,4
않았지만,4
얘기,4
계산,4
비리,4
싱싱한,4
맛있는건,4
런가,4
양은,4
맛있었는데,4
기름진,4
매운,4
진한,4
없는데,4
시원한,4
인생,4
쫄깃,4
포함,4
시스템,4
한테,4
장사,4
편안한,4
정성,4
가도,4
먹게,4
상태,4
찾아갈,4
예전,4
나왔어요,4
당황,4
든다,4
될듯,4
께서,4
먹지,4
없었다,4
않았어요,4
뭔가,4
불구,4
영업,4
호점,4
갔다,4
살살,4
괜찮다,4
하다가,4
수저,4
수준,4
필수,4
두고,4
지점,4
없었어요,4
들어서,4
이해,4
말씀,4
모르겠다,4
월요일,4
맛볼,4
하시는데,4
위생,4
칼칼한,4
였는데,4
가야,4
먹다,4
깊고,4
찾기,4
나와,4
인정,4
전복죽,4
해장,4
당면,4
라서,4
건더기,4
속이,4
후회,4
먹어서,4
덩이,4
있던,4
기준,4
느끼한,4
앉자마자,4
가까운,4
통통한,4
고추,4
시켰다,4
스럽게,4
나오는데,4
짜리,4
맛있긴,4
대로,4
최악,4
양파,4
이라니,4
메밀,4
난다,4
나왔고,4
크게,4
명랑,4
감동,4
쌀밥,4
청양고추,4
씹히는,4
소진,4
워낙,4
먹으면서,4
찌게,4
만점,4
와구,4
이정식,4
결론,4
중국산,4
짜장,4
싸서,3
맛있,3
대표,3
확인,3
어울리는,3
짜지,3
청와대,3
계절,3
갔다가,3
들리는,3
후루룩,3
세번,3
아무튼,3
거기,3
비우고,3
남깁니다,3
맛깔,3
스러운,3
비싸고,3
나왔습니다,3
났어요,3
지역,3
남는,3
야할,3
비싸긴,3
식욕,3
산방산,3
튀겨,3
셀프,3
보세요,3
됩니다,3
여유,3
싶어서,3
적고,3
이인,3
나와요,3
보면서,3
하였는데,3
하여,3
하길,3
않으니,3
이긴,3
베이스,3
넉넉한,3
진하고,3
ㅠㅜ,3
비빔국수,3
시간대,3
많아요,3
였고,3
보며,3
즐거움,3
내장,3
나가는,3
이모,3
좋아하지도,3
조화,3
좋지만,3
사용,3
조리,3
등장,3
않다,3
그야말로,3
숟갈,3
장아찌,3
고급,3
강한,3
아닐까,3
야하는,3
평일,3
주는데,3
넉넉하게,3
들어갔다,3
인기,3
나오니,3
아빠,3
단순히,3
했고,3
달콤한,3
짱아찌,3
두부,3
저렇게,3
들어있고,3
진하게,3
된다,3
조개,3
비린,3
멍게,3
먹거나,3
고함,3
남양,3
수산,3
비린내도,3
얼큰하고,3
너무나,3
휴가,3
없어요,3
되더라구요,3
좁아서,3
아니라서,3
서는,3
궁합,3
이었어서,3
오후,3
부드러움,3
착석,3
나옴,3
도민,3
맞아요,3
같기도,3
걸어서,3
하세요,3
분전,3
주산,3
신경,3
빼고,3
되고,3
기는,3
잘못,3
차이,3
니까,3
산이,3
어머니,3
하셨는데,3
노르웨이,3
굿굿,3
한정식,3
가시길,3
없습니다,3
있다고,3
멀리,3
드립니다,3
성인,3
칭찬,3
어린이,3
같음,3
되는데,3
갔고,3
먹을만,3
미친,3
접짝뼈국,3
깊은,3
우진,3
들어가있고,3
끓여,3
특징,3
떨어져서,3
넣은,3
아쉬웠어요,3
맞는,3
순간,3
돼서,3
의외로,3
나올,3
좋습니다,3
대도,3
있는게,3
있었음,3
해체,3
사이즈,3
강하게,3
상당히,3
않을까,3
먹었네요,3
시키면,3
맛있어,3
입니,3
싶네요,3
없어,3
크기,3
유부,3
픽업,3
넘게,3
씹을수록,3
치킨,3
맛살,3
짜다는,3
시반,3
지지,3
파는,3
였음,3
않는,3
통해,3
통화,3
너머,3
누가,3
만에,3
포기,3
기다렸다,3
하자면,3
짜고,3
라도,3
가고,3
만으로,3
싶었는데,3
에겐,3
번호,3
무가,3
조각,3
비린내가,3
현지,3
체계,3
늦은,3
성산일출봉,3
에여,3
풍경,3
기회,3
고려,3
배부르다,3
그렇고,3
전형,3
치고,3
높은,3
왕새우,3
대서,3
하구,3
갔을,3
앉아서,3
정원,3
과음,3
숙취,3
본점,3
먹는다,3
마늘,3
비주,3
내용물,3
타고,3
먹고싶다,3
가세,3
손수,3
삭제,3
가능,3
민경,3
왠지,3
포장,3
먹고싶어서,3
찾다가,3
있으나,3
로서,3
아침식사,3
나서,3
환상,3
택시,3
아아,3
청결,3
해도,3
옆집,3
하나같이,3
짜지도,3
에다가,3
사랑,3
점점,3
해본,3
익은,3
달달,3
않는데,3
오징어,3
입장,3
보았다,3
조금씩,3
맛있다는,3
평범하다,3
평범한,3
괜찮았어요,3
야외,3
먹느라,3
함덕,3
비싼데,3
일까,3
끓인,3
껍데기,3
밥집,3
왔는데,3
생각나는,3
슬포,3
무도,3
아쉬웠다,3
계란찜,3
친절함,2
위주,2
앉으면,2
해주시고,2
해주십니다,2
키친,2
예쁘게,2
나오네요,2
비빕,2
성계,2
깔끔하게,2
간단한,2
있네요,2
좋은데,2
추운,2
해야하는,2
진심,2
애기,2
있어,2
시키니,2
넣으니,2
리필,2
느껴져요,2
있었으면,2
친절한,2
정갈한,2
친절하게,2
도대체,2
줍니다,2
먹으려고,2
그나마,2
어우러져,2
두루치기,2
벵에돔,2
아쉽지만,2
목살,2
한자리,2
좋았을,2
하네요,2
찾는,2
통째,2
남김없이,2
까진,2
아닌데,2
묻혀,2
납니다,2
봐야겠다,2
깡패,2
튀겨서,2
괜찮음,2
불친절,2
다른데,2
가는게,2
먹엇어,2
아닌거,2
왔네요,2
빨간,2
되게,2
달리,2
유리,2
있었던,2
가능한,2
가능하다고,2
이색,2
되지,2
않았고,2
없음,2
유명하다고,2
향신료,2
많았어요,2
매워서,2
봤어요,2
많았는데,2
놀랐어요,2
길가,2
브레이크,2
타임,2
피해,2
우도,2
열어서,2
들어와서,2
오오,2
야들야들,2
다금바리,2
않습니다,2
회로,2
코스,2
스끼,2
기다렸는데,2
먹고싶네요,2
씹히고,2
미쳤습니다,2
재는,2
대의,2
서인,2
이기도,2
레이스,2
그렇다고,2
연상,2
싶지는,2
짧은,2
일정,2
온갖,2
신선한,2
내기,2
시래기,2
제격,2
강하지,2
않는다,2
머리,2
들어,2
장식,2
재미,2
규모,2
실내,2
작아서,2
찾아,2
만큼의,2
맛볼수,2
개맛,2
최고다,2
놀러,2
길어요,2
소요,2
된다고,2
않았습니다,2
이후,2
로는,2
하시고,2
이상만,2
그걸,2
싶긴,2
고픈,2
가진,2
할듯,2
성한,2
상대,2
한가지,2
어르신,2
좋아할,2
개운한,2
좋아하시는,2
좋아하실,2
데리,2
가량,2
둘다,2
나눠,2
나왔는데,2
나오는게,2
담겨,2
웬걸,2
토핑,2
송송,2
된장,2
찌개,2
짰다,2
고소함,2
초장,2
낸다,2
뻔한,2
느낄,2
찾아가,2
건강하고,2
하기는,2
주심,2
동생,2
맛있어용,2
붓고,2
만들어,2
모르는,2
무맛,2
회도,2
하고싶어요,2
기다리던,2
찍어,2
아예,2
두시,2
대중,2
매니아,2
아쉬웠는데,2
됐어요,2
자랑,2
알았어요,2
많더라구요,2
같았음,2
만석,2
친절하셨어요,2
아니었지만,2
터지게,2
지리는,2
안되고,2
뭐랄까,2
내내,2
한라산,2
보긴,2
계획,2
있었지만,2
여파,2
끝판,2
하얀,2
주오,2
래서,2
넘나,2
기름지고,2
막걸리,2
술술,2
특이한,2
시키고,2
얹어,2
좋았던,2
지난,2
이용,2
우려,2
고소해서,2
햇반,2
모르겠어요,2
연휴,2
기다릴,2
만하,2
나오기까지,2
바빠서,2
쓴다,2
요청,2
한참,2
원산지,2
쓰시,2
나더라구요,2
작아,2
맛있을,2
일인,2
싶은데,2
정돈,2
어구,2
표기,2
있다는게,2
비행기,2
되었고,2
그게,2
미식,2
이를,2
표현,2
표고,2
한림,2
유머,2
괜찮아,2
메인디,2
맛있었지만,2
주더라구요,2
갑니다,2
괜찮았음,2
주로,2
적은,2
오래된,2
마찬가지,2
분도,2
만든,2
다양하고,2
단위,2
먹을거,2
깨끗하고,2
좋을것,2
강함,2
고기랑,2
묵고,2
여행가,2
향토음식,2
부드럽게,2
같고,2
이미,2
감자,2
낭낭,2
들었네요,2
분식,2
분식집,2
이른,2
차별,2
팍팍,2
추어탕,2
덜해서,2
대신,2
막창,2
찹쌀,2
일품,2
들어있는,2
즐길,2
제공,2
막창순대,2
성공,2
남은,2
집이네요,2
알알이,2
씹히는게,2
들어있는데,2
않을,2
크림,2
스프,2
힘든,2
어울려서,2
닫는,2
일부러,2
돌아갈,2
단점,2
시시,2
비오는,2
듬뿍,2
부위,2
와도,2
손질,2
유명하다는,2
감탄,2
냉동,2
렌트카,2
아쉽다,2
압도,2
좋겠다,2
없다는,2
시대,2
차리고,2
ㄹㅇ,2
했을,2
스런,2
생각나서,2
적어서,2
다식,2
다재,2
크고,2
비싸게,2
이만원,2
남겨,2
먹자,2
순삭,2
찾을,2
물리,2
니깐,2
받은,2
놔서,2
오지,2
했네요,2
그땐,2
으로도,2
들러,2
땡기는,2
신기한,2
맞춰서,2
떡갈비,2
만의,2
싶어요,2
아쉽,2
받는,2
그건,2
의견,2
사서,2
명성,2
실패해서,2
기름기,2
권장,2
넣는,2
수십,2
자주,2
이야,2
고객,2
이기,2
왔으니,2
에가,2
달기,2
모를,2
암튼,2
응대,2
기계,2
없을,2
금요일,2
기다렸어요,2
점심때,2
이정,2
서서,2
꿀맛,2
시킬,2
싶었다,2
싶다면,2
아니었어요,2
좁고,2
다행,2
모르겠지만,2
카페,2
대기줄이,2
길어서,2
기다릴만,2
어차피,2
예쁘다,2
비롯,2
이타미,2
대가,2
할지,2
만족했습니다,2
먹고싶은데,2
딱히,2
스파게티,2
퍼져서,2
아쉬웠지만,2
달걀,2
그니,2
스키야키,2
면발,2
좋았지만,2
강하고,2
서브,2
행복한,2
좋아하는데,2
ㅋㅋㅋㅋㅋ,2
탱글탱글,2
맛있구,2
쫄깃쫄깃,2
시금치,2
년전,2
치고는,2
새우는,2
괜찮아서,2
갔었는데,2
초밥,2
해볼만,2
은희,2
맑은,2
어울린다,2
하네,2
절로,2
보람,2
단일,2
제외,2
풀림,2
열고,2
싶을,2
맑고,2
개운하다,2
한잔,2
싹싹,2
긁어,2
바닥,2
드는,2
선호,2
햄버거,2
불러서,2
보아,2
찾아가서,2
든든하게,2
라이스,2
속도,2
않네요,2
없지,2
모르겠음,2
나네요,2
인당,2
이벤트,2
바람,2
그리,2
젓갈,2
된장찌개,2
비쥬,2
ㅋㅋㅋㅋㅋㅋㅋ,2
엄청난,2
잔뼈,2
없었다는,2
ㅋㅋㅋㅋㅋㅋ,2
낫다,2
시원해서,2
제대로,2
아니고요,2
씹어,2
맥주,2
괜찮은데,2
해녀,2
버림,2
안쪽,2
숟가락,2
시원하구,2
주시네요,2
서너,2
색다르게,2
있을것,2
아니지,2
퉁퉁,2
밀가루,2
가니,2
유명,2
나오더라구요,2
이구나,2
중면,2
맛깔나고,2
담백해서,2
기다린,2
남성,2
들를,2
버스,2
장소,2
의자,2
앉아있었다,2
나도,2
급하게,2
꽉꽉,2
많았다,2
냠냠,2
찾아올,2
아니라고,2
이었고,2
봐서,2
쌈장,2
였다고,2
느껴질,2
태어나서,2
돌아가는,2
먹을까,2
차지,2
와야,2
나오기,2
두번째,2
항상,2
지인,2
돌고,2
말라,2
가까워서,2
대단한,2
집어,2
최근,2
뚝딱,2
먹었,2
올리고,2
ㅠㅠㅠㅠㅠ,2
슨생님,2
연잎,2
착한,2
가득한,2
다소니,2
석도,2
나게,2
이뻐서,2
왔다,2
도토리묵,2
다니는,2
있다니,2
찰밥,2
된장국,2
화장실,2
수제비,2
이자,2
추억,2
초등학교,2
학교,2
비쌈,2
들었습니다,2
가득해서,2
먹어요,2
특별함을,2
더웠어요,2
작고,2
늦게,2
순서대로,2
동쪽,2
중문,2
싶어,2
썰어,2
그럭저럭,2
아니더라도,2
싶진,2
감각,2
컨셉,2
열한시,2
열한,2
와이프,2
가자고,2
시킴,2
나다,2
드시길,2
아니나,2
구성은,2
나요,2
발견,2
느끼해서,2
시켰어요,2
클리어,2
새우도,2
열무,2
찍기,2
가봤어요,2
예쁘고,2
났음,2
차로,2
해보고,2
꽃게,2
아저씨,2
데워서,2
무거,2
버거,2
살기,2
즐기진,2
어제,2
마신,2
먹었지만,2
친절하고,2
백종원,2
초심자,2
되기,2
돼지국밥,2
흔히,2
판단,2
아닌가,2
주고,2
아까울,2
구워서,2
촉촉한,2
모양,2
아무래도,2
잡아서,2
방식,2
젓가락,2
두께,2
대한,2
비도,2
수가,2
뚫고,2
나왔던,2
났고,2
할머니,2
럭키,2
토막,2
해봐도,2
메리트,2
살의,2
보드,2
조름,2
마냥,2
핵꿀,2
찾은,2
갑인,2
쌈채,2
했어용,2
저격,2
일듯,2
만족했어요,2
애매한,2
새로운,2
칼칼하면서도,2
해보면,2
사골,2
무침,2
육계장,2
에게는,2
휴무,2
아니었다,2
생물,2
괜찮을,2
좋았고,2
간건데,2
잡은,2
여러가지,2
시내,2
안되는,2
괜찮습니다,2
깨끗하지,2
다양하게,2
달걀찜,2
쿰쿰한,2
느낌이었습니다,2
기대했건만,2
가고싶은,2
유명한만큼,2
부드러워서,2
바가지,2
있게,2
돌보,2
멀지,2
원픽,2
만족도,2
아닌것,2
타르,2
타르소스,2
갑질,2
만드는,2
체인,2
않으면서,2
쫄면,2
긁어도,2
넣으셔서,2
싱싱하고,2
구수한,2
찍어서,2
음성,1
비릴수,1
좋을거,1
다이닝,1
코드,1
맞춰,1
소개,1
받을,1
오이,1
있냐고,1
정리,1
지나가면서,1
주방,1
깔끔했어요,1
분교,1
찍으니,1
들렀습니다,1
비빔,1
장이,1
다르고,1
연구,1
하신듯,1
들입니다,1
다듬고,1
계셨습니다,1
떨어지게,1
들려야겠네요,1
저녁식사,1
집이예요,1
조리사,1
계시,1
기존,1
하고는,1
다릅니다,1
정인,1
산굼부리,1
미를,1
느낄수,1
촤악,1
가라앉습니다,1
촤악국,1
미안함,1
챙피함,1
그런거,1
모릅니다,1
왠만하면,1
남기는데,1
한다고,1
핸드폰,1
인증,1
번거로,1
감수하면서까지,1
남겨요,1
정갈해요,1
구색,1
갖추기,1
놓는게,1
맛남,1
먹이라면서,1
잘라서,1
개알,1
다비,1
성품,1
인게,1
담번,1
스러워요,1
잘해주시고,1
잘먹엇어,1
고급스럽고,1
초보자,1
심심하면서도,1
맞아,1
기다렸습니다,1
먼지,1
모르겠습니다,1
내서,1
찾아가는것,1
시켰는데요,1
가락,1
한수,1
갈아서,1
덮어,1
신선하지,1
했구요,1
시중,1
넣었는지,1
알았습니다,1
로고,1
맛없었습니다,1
집사람,1
부보,1
찌푸리고,1
찮아서,1
나왔,1
읍니,1
적었어요,1
쟁취,1
하는자,1
승자,1
는대,1
잇는,1
잇지만,1
없엇다,1
전문,1
비싸긴한데,1
있기,1
이었다면,1
살아나게,1
훌륭하다고,1
가보았습니다,1
김치전,1
곁들였는데,1
물티슈,1
앉았는데,1
보는둥,1
마는,1
주시길래,1
주신,1
죽습니다,1
대화,1
없어집니다,1
오게,1
연속,1
시키세요,1
보다가,1
찾아갔습니다,1
올랐는데,1
예정,1
조아요,1
담가,1
나온거랑,1
넘음,1
지저분하고,1
날거에요,1
옷돔,1
잇게,1
직해요,1
머무,1
건너,1
모르겠는,1
군데,1
이기는,1
이거든요,1
즐기고,1
시키지,1
힘들었,1
씁니다,1
그닥,1
싶지,1
매장,1
맛있었,1
다홍,1
비슷마당,1
강아지,1
귀여웠고,1
알아보다가,1
앉음,1
관심,1
보였으나,1
않았음,1
많을,1
인해,1
잡았지만,1
앉아,1
보여,1
하였음,1
가능하나,1
대정,1
건너편,1
선착장,1
앞치마,1
배려,1
심심한,1
깔끔했고,1
기기,1
힘들더라구요,1
매웠으면,1
궁물,1
오션,1
가봤지만,1
메모,1
단골,1
가봐요,1
작은데,1
광고,1
허탕,1
치는,1
화나는,1
다르네요,1
그리구,1
도롱,1
깜놀,1
추합니다,1
우연히,1
마주친,1
숨은,1
무진장,1
비슷하지만,1
찍었어요,1
마라,1
종달항,1
기다리면서,1
유명하더라구요,1
평범했는데,1
더군요,1
지나가다가,1
많길래,1
많은지,1
알겠더군요,1
보말이,1
들은,1
살콤달콤,1
먹고싶어요,1
표방,1
어설픈,1
나아요,1
미락,1
즐기는,1
는데,1
잇어서,1
아깝지,1
관록,1
남경미,1
오랜,1
찾았지만,1
뱃살,1
등살,1
데침,1
턱살,1
뽈살,1
쓸개,1
묵직한,1
호강,1
최강,1
가짓수,1
딴딴한,1
스키,1
창밖,1
전경,1
고고씽,1
들이,1
친절하셔요,1
완벽하게,1
깔끔합니다,1
않았는데,1
여자친구,1
놀라면서,1
밥알,1
오도독,1
풍부하고,1
긋하고,1
좋아하시지,1
않는다면,1
드시는게,1
맛있었네요,1
외빈,1
접견,1
전통,1
대통령,1
거치,1
지낸,1
쉐프,1
조천,1
차린,1
왠만한,1
리스트,1
빠지지,1
상위,1
랭커,1
주려는,1
데미지,1
크다,1
중산,1
초원,1
강된장,1
초고추장,1
창의,1
향연,1
팡팡,1
터진,1
다크,1
떠서,1
올려,1
메일,1
큼큼,1
스르,1
우걱우걱,1
씹으며,1
둘러보는,1
집의,1
맛보고자,1
찾아오는,1
맞이,1
하기에는,1
안되게,1
상시,1
헤매기를,1
각오,1
어쩔,1
보상,1
받을지,1
충분했고,1
해주셔서,1
남을듯,1
산뜻하고,1
느낌이긴,1
훌륭한,1
여태,1
집중,1
싶고,1
읽고계,1
신분,1
오게되,1
보시길,1
필요없는,1
간정,1
기다렸네요,1
모르겠는데,1
화가,1
난다거나,1
불쾌하지는,1
길어지더라고요,1
최대한,1
나을,1
꼬들하,1
안세고,1
아쉬운것은,1
착각,1
바쁜건,1
기울이셔도,1
됐을,1
맛있었으니까,1
삼삼한,1
편인데도,1
기다렸다다시,1
버렸다,1
해주신다,1
정갈하다,1
가보고,1
롭고,1
어우러진,1
그날그날,1
공수,1
오셔야,1
봐요,1
질겨,1
평이했어요,1
튀지,1
쎄지,1
싶었어요,1
서둘러서,1
하시는게,1
독특한데,1
질거나,1
거칠거나,1
어우러져서,1
냅니다,1
올거에요,1
외국산,1
수기,1
낮인데도,1
낮은,1
편이었다,1
실하고,1
뭉게,1
들릴,1
삼박자,1
완벽했던,1
곳뭘,1
먹을지,1
되었다,1
메뉴판,1
있는건,1
실패하기,1
어렵다길래,1
시켰고,1
얹어진,1
부침,1
특이했다,1
진작,1
했을까,1
소복히,1
나오길래,1
주시는거였다,1
한가득,1
주다니,1
정이,1
넘친다,1
썰어진,1
사발,1
간것과,1
옹기종기,1
끓여진,1
먹었다가,1
긋한,1
오독오독,1
울어진다,1
어조,1
날치,1
따뜻하게,1
내는,1
군침,1
돌게,1
왕창,1
있다면서,1
싫어하는데,1
맛있었다하나도,1
빨갛게,1
좋아한다면,1
분명,1
넣자마자,1
가득한다,1
비비,1
부숴,1
지면,1
형태,1
사라지고,1
채워진다,1
예쁜데,1
찾게,1
기쁘다시에,1
나지,1
않았던,1
없지도,1
맛있지도,1
않았어,1
우리엄마,1
피셜,1
들이었음,1
좀돌솥밥,1
밑바닥,1
타서,1
쓴맛,1
숭늉,1
먹었다고,1
하실,1
로라,1
운전,1
해야되,1
마셨다,1
평범했지만,1
별미,1
회랑,1
아픈,1
내면,1
길어질까,1
겁나지만,1
맛있는거니까,1
물어보면,1
조언,1
회맛,1
걸까,1
기대해서,1
많아여,1
꼬들꼬들하고,1
신기했지만,1
들었고,1
먹얶던,1
실망했어요,1
물고기,1
덥고,1
네이버,1
지도,1
빼곡,1
뒀는데요,1
되다니,1
영광,1
ㅋㅋㅋㅋㅋㅋㅋㅋㅋㅋㅋㅋㅋ,1
서귀포시,1
애매하게,1
늦어져서,1
가자하고,1
이었어용,1
파시,1
용서,1
터지는,1
기다리고,1
느껴져서,1
신기했어요,1
잡으신,1
김이랑,1
천국,1
조아해서,1
곰국,1
차더라구요,1
불친절한,1
곳도,1
할만큼은,1
기다리며,1
가치,1
있는지는,1
글쎄요,1
먹을수록,1
노리시는걸,1
믿고,1
미지근한,1
벌레,1
엉망,1
끼다시,1
개창,1
나로,1
찰진,1
부족했고,1
더러워서,1
불편했다하,1
갱신,1
구수,1
착착,1
촉촉,1
수식어,1
적당,1
알겠습니다,1
묵었던,1
휴일,1
발길,1
돌렸었습니다,1
종말,1
우한,1
폐렴,1
길다던,1
프라이,1
빗하게,1
쫄깃하,1
어마어마합니다,1
쫄깃함,1
매운탕,1
냈는지,1
쏘입니다,1
비겨,1
수족관,1
계시는,1
구조,1
행복하구요,1
뜨뜻한,1
필요할,1
먹어봣으,1
마세여,1
뀰맛,1
오는거,1
머릿고기,1
꼬리,1
식었을,1
밥말,1
양푼,1
나며,1
주십니다,1
넣을,1
드시고,1
남겨놓으시면,1
길은,1
불친절합니다,1
오시,1
되서,1
죄인,1
취급,1
하시네요,1
추석,1
그런듯,1
들어오라고,1
하시더라구요,1
났지만,1
매웠어요,1
느껴서,1
기다려,1
야했는데,1
마당,1
넓어서,1
찍고,1
산책,1
지루하지,1
차려내,1
좋았지,1
만찬,1
강렬하진,1
않아도,1
정찬,1
즐기시기,1
원하신다면,1
개선,1
없이는,1
일하는,1
걸리고,1
몰릴,1
였던,1
모시고오기,1
만든게,1
루고,1
꿜리트,1
낮았구,1
쓰는데,1
맛있었던걸,1
어떡하나,1
작성,1
시점,1
던데,1
싶기도,1
외진데,1
다가,1
알았다,1
저번,1
였거든요,1
났는데,1
평범해요,1
특장점,1
넓어,1
된다는것,1
자세하다는,1
애월,1
적혀,1
맛있다를,1
날이었고,1
변경,1
겪어서,1
없던,1
배고프지,1
배부른,1
되었는데도,1
지친,1
자연,1
회귀,1
좋아하다니,1
없으십니다,1
소소한,1
에피소드,1
맛보신,1
십년,1
보시더니,1
갑자기,1
없으시졌다고,1
선산,1
적혀있던데,1
맞죠,1
쎄지도,1
약하지도,1
라고만,1
물어봅니다,1
마상,1
당당하게,1
무한리필,1
만족하고,1
이었으나,1
해서는,1
이하,1
찾지,1
매년,1
찾아갑니다,1
배신,1
실망한,1
구웠던걸,1
뎁혀서,1
주시는것,1
같았고요,1
담아놨는지,1
건조했습니다,1
안되어서,1
전반,1
짰구요,1
만족했었는데,1
반대,1
아마,1
드신,1
아주아주,1
설탕,1
지치신,1
쓰며,1
야할세,1
오셔서,1
받고싶은,1
노인,1
동물,1
왕복,1
걸리는,1
내륙쪽,1
귀찮게,1
가셔도,1
판타지,1
농약,1
안치셨을것,1
맛돔베,1
약했음,1
남김,1
꼬릿,1
원하시면,1
신선,1
자꾸,1
필하게,1
남기는게,1
아까우실,1
다가오기도,1
그만큼,1
아낌없이,1
쏟아,1
부었다는,1
반증,1
하니까,1
평월,1
갔네요,1
갈듯,1
받고싶어서,1
돔베,1
잡곡,1
모로,1
식단,1
곁들이고,1
필요없음,1
친절하시다,1
진정,1
좋으시면,1
해야하죠,1
먹으려,1
새로운게,1
재미있다,1
생소한,1
붙은,1
고아,1
비린내,1
같은건,1
뽀얀게,1
설렁탕,1
넘어감,1
놀라,1
맛있던건,1
산적,1
직화,1
까고,1
계시더라구요,1
남사,1
장님,1
걸쭉한,1
무국,1
들어있어요,1
같은거만,1
독특한,1
잡히는,1
범일,1
소울푸드,1
이끌리,1
건설업,1
종사,1
밖에는,1
만드신,1
숭덩숭덩,1
넣고,1
서도,1
열심히,1
반대편,1
제법,1
넓은,1
올레길,1
장장,1
워킹,1
순대집,1
잃은,1
대백반,1
해봤다고,1
좋아하지,1
걸쭉하긴,1
얼큰함은,1
썰은,1
땡초,1
가히,1
독보,1
쫀득,1
채운,1
신기하면서,1
곱창,1
기지,1
살린,1
펄펄,1
보온,1
끝날,1
뜨끈한,1
보조,1
역할,1
톡톡하게,1
해주어,1
쫀쫀함,1
남지,1
담기지,1
본연,1
느끼지,1
절반,1
놀람,1
돌아감,1
야함,1
텁텁함,1
시원함,1
고소하다며,1
들어있어,1
상당하다,1
쓰시는듯,1
풀었을,1
동글동글,1
부담스러운,1
들지,1
담백하다,1
아는데,1
느껴지지,1
고소,1
동행,1
산수,1
갑산,1
좋다는,1
반응,1
싱싱해서,1
쫀득하,1
들꺄,1
빨간데도,1
먹듯,1
좋아하면,1
싫어하기,1
짠데도,1
없기,1
지나가지,1
읺으,1
심심한게,1
대피,1
쫜득쫜득,1
비슷,1
칼칼,1
까지만,1
큰건,1
크던지,1
먹는건데,1
좋았던듯,1
좋았어,1
당일치기,1
옵니다,1
즐거웠음,1
소금,1
돋보였어요,1
살인,1
없은,1
인해서,1
발라주시는데,1
녹는다,1
갈치였다,1
먹는거,1
뼈때매,1
싫은건데,1
ㅇㅣ,1
보세여,1
주신다,1
가고싶다,1
심하게,1
적나라하게,1
그동안,1
덕분,1
큼직한,1
놀라게,1
맛있기는,1
수용,1
순환,1
두는,1
눈앞,1
능숙하게,1
해주는,1
퍼포먼스,1
깊다,1
좋아하신다,1
외적인,1
올려주면서,1
있으니까,1
알아서,1
구시대,1
유우,1
머는,1
유머러스하지,1
양했으면,1
비단,1
만이,1
과의,1
잦은,1
소통,1
이뤄지는,1
마카,1
가끔,1
멘트,1
딴에,1
아무리,1
맛있어도,1
불편해진다,1
교육,1
해결,1
흐름,1
맞출,1
있지,1
허겁지겁,1
필해,1
높고,1
고가,1
가늘고,1
문의,1
하기도,1
빼고는,1
좋으며,1
싱싱한데,1
발라주셔서,1
쓱싹,1
그만,1
이었다시내의,1
어중간한,1
에이,1
더주고,1
터지고,1
먹을수있어,1
버섯,1
탕수육,1
세트,1
통구이,1
실컷,1
먹고도,1
짠듯,1
꿀꺽,1
심심하니,1
보았다인에,1
인용,1
발라주시는,1
스킬,1
뼈채,1
아실거라,1
부른,1
펼쳐,1
버린,1
박힌,1
필요없고,1
먹어보쟈,1
그나저나,1
하려면,1
전화하지말고,1
안된다고,1
야한다,1
전화하지,1
빠르면,1
마세요,1
감히,1
인스타,1
진지하게,1
쌍욕,1
썼어요,1
금밥,1
겁니다,1
택배,1
받고싶다,1
내주실까,1
쓰러지는걸,1
싶으셔,1
서일,1
까요,1
감기,1
차갑게,1
식어도,1
마농,1
우회,1
드십,1
여름,1
철인,1
원하는,1
수령,1
할수있었구요,1
까페,1
오래전,1
커녕,1
주시던,1
따뜻한,1
먹었는데아,1
단무지,1
주셨는데,1
어울릴수가,1
변함,1
그리울거,1
요다음,1
순위,1
사기,1
힘들기로,1
정말로,1
찾는게,1
없나,1
이상하게도,1
질리,1
빼고이,1
질리지가,1
밥안,1
옛날,1
소시지,1
변화,1
쎄서,1
평이,1
있더라구요,1
있는것,1
번거롭지는,1
머물렀다면,1
않을듯,1
하루,1
에만,1
들르는,1
도박,1
튀긴게,1
평보,1
튀겼다는,1
물어보지,1
정답,1
모르지만,1
좋음,1
대란,1
성공하기,1
쓰고,1
유명해,1
않았으면,1
맛있다는지,1
안감,1
싶음,1
김천,1
참치,1
걸림,1
먹으라면,1
잇다,1
기대한다면,1
실망할수,1
받아,1
먹었어용,1
주제,1
않으면,1
귀하신,1
넘치니,1
함부로,1
맨손,1
다한,1
살찌는,1
달으면서도,1
정신차리면,1
줄이,1
사라져있는,1
마법,1
고집,1
먹고나면,1
글거림,1
더부룩합니다시,1
간지나면,1
기름내가,1
심해지고,1
짜네요,1
만으로는,1
넘을거,1
빡침,1
점수,1
낮은것,1
기다림,1
맛본,1
동백꽃,1
보러,1
시도,1
하였지만,1
수화기,1
목소리,1
오기,1
성공하였다,1
오라,1
할까,1
봐야지,1
물렸다,1
차별성,1
원조,1
어려우시면,1
닫기,1
있는지,1
물어보세요,1
받았습니다,1
단백,1
질색,1
분명히,1
달짝지근한데도,1
이상하게,1
칼칼하기도,1
강하네요,1
부들부들,1
남편,1
필요한,1
해주시,1
불만,1
많으면,1
당연히,1
유일한,1
캠프,1
기다리는,1
그럴,1
걸어놓고,1
섭지코지,1
다녀오시는,1
무섭네요,1
전화하니,1
걸린다기에,1
스러가니,1
해줌,1
불가하다고,1
가봄,1
여느,1
심함,1
행운,1
아까운,1
좋다하지만,1
싶다고,1
만은,1
해주신다고,1
작다,1
심하다,1
시켰지만,1
개개인,1
차이는,1
있으니가,1
괜찮았어용,1
쪼금더,1
길어,1
놀랐음,1
가능해서,1
여지,1
일어나서,1
자다가,1
통통해서,1
해가며,1
같다는,1
괜찮다로,1
아닌듯,1
강제,1
못잡음,1
배서,1
고무,1
다솔,1
찍히,1
먹는것보다,1
미치셨구,1
많긴,1
기표,1
올리면,1
편리하다,1
나면서,1
편리한,1
보임,1
무려,1
베서,1
하신지는,1
엄청나요,1
버틸만,1
니당,1
보고오면,1
비수기,1
느낌이었어요,1
녹더라구요,1
서둘러,1
부담스럽긴,1
도렐,1
갈거라,1
적음,1
시켜야하는데,1
그름,1
저렴하긴한데,1
마주침,1
힘들다,1
건축,1
되니,1
싶어져서,1
들렸어요,1
당기네요,1
통창,1
아름답습니다,1
로운,1
가봤다면,1
쫄깃쫄깃국물,1
중턱,1
끝내준다,1
재일교포,1
건축가,1
설계,1
되면,1
숙박,1
괜찮다고,1
망설였어요,1
맛있긴한데,1
있으니깐,1
소중한,1
단순하지만,1
플러스,1
무료,1
작품,1
커서,1
유부초밥,1
적당함,1
평범하게,1
않음,1
어려워서,1
연어,1
초회,1
기다려야,1
깊게,1
싫고,1
쾌적함을,1
원한다면,1
신세계,1
거대하고,1
스끼야끼,1
탱글탱글한,1
혼났지만,1
적당하게,1
익힌,1
온천,1
들었음,1
양호,1
초가집,1
영감,1
얻었다는,1
예쁜,1
남쪽,1
아니올시다,1
메뉴인,1
느끼함이,1
발의,1
느껴졌다,1
나온다지만,1
중반,1
위안,1
부족,1
묵지,1
일식,1
상품,1
도미,1
구수하면서,1
시원해,1
멈추지,1
즐겁고,1
막상,1
맛있으면,1
맛있겠어,1
어우러져서도,1
스러웠으나,1
풀어,1
맛있당,1
식전,1
맛있었음,1
시원,1
탄력,1
내려올,1
전인,1
끝맛,1
깔끔하지,1
하더니,1
묶어서,1
셋트,1
넘는,1
않겠지만,1
가보신,1
지게,1
보고싶다,1
느껴,1
괜찮거든요,1
대구,1
비슷해요,1
들어가니,1
실하게,1
같던데,1
해봐야겟어요,1
담긴,1
꼬득꼬득,1
까다로운,1
뜨자마자,1
돼있고,1
술맛,1
해소,1
장하러,1
일도동,1
집회,1
전율,1
풍부해서,1
배불렀음,1
다진,1
얼큰한,1
건데,1
만족함,1
하러,1
든든하다,1
진한데,1
풀리는,1
마시면서,1
끝나진,1
봤어도,1
힘들어하는,1
남긴게,1
아쉬울,1
빌리자마자,1
뜨면,1
오길,1
나긴,1
얇은,1
모르겠다와,1
않으시는,1
이여,1
장탕,1
듬뿍듬뿍,1
가는데,1
지엄,1
맛있진,1
칼칼해서,1
배고플,1
먹고싶어용,1
삐빅,1
균일한,1
관리,1
계란,1
닉값함,1
어케어케,1
유명하,1
종종,1
채우고,1
싶으면,1
들어가있어요,1
시원해요,1
고소하지만,1
남아,1
텁텁,1
하진,1
든든해져요,1
헤비,1
꽉차도,1
더부룩하지,1
추울,1
쓸쓸할,1
나기,1
지옥,1
없으니,1
가보니,1
편하고,1
떨어지는,1
웃음,1
친절하시며,1
발라주십니다,1
광어,1
먹는데,1
녹아요,1
일차,1
번가,1
하는것,1
참여,1
음료,1
준다고,1
써있네요,1
어딜,1
찍으면,1
그림,1
완성,1
어등,1
포식,1
봐야,1
겠다고,1
지나지,1
쭈르륵,1
어묵,1
보자마자,1
미쳤닼,1
매울것만,1
한술,1
놀랍,1
구미,1
당기고,1
쫙쫙,1
땡겨주는,1
대애,1
애추,1
발라주시며,1
하시,1
기를,1
바르면,1
하셨다,1
믿지,1
뿌셔,1
버리는,1
전쟁,1
가서도,1
평생,1
해먹,1
로구나,1
해볼,1
고근,1
있는거잖,1
가고싶을,1
생기기,1
옆쪽,1
친절하,1
심양,1
좋겠담,1
비림하지만,1
미쳤어요,1
좋지,1
꿀꿀했는데,1
워후,1
해오고,1
싶었네요,1
막혀요,1
했었는데,1
좋다면,1
바깥,1
낮술,1
추합니당,1
했던것만큼,1
먹을수있는,1
등뼈,1
강정,1
안주,1
깐풍기,1
비슷하기두,1
아니니,1
좋아할듯,1
상큼,1
시원했음,1
맛있었을,1
어등포,1
하려,1
빠져,1
비닐,1
장갑,1
뜨거운,1
들고,1
ㅜㅜㅜㅜ,1
오세요,1
가능합니다,1
거든,1
미네,1
특별하진,1
만족스러웠다,1
달짝지근한,1
분대기,1
나옴요,1
많구,1
말구,1
말아먹고싶은,1
먹었더니,1
하느라,1
남겼지만,1
피크타임,1
길지,1
같아용,1
삶아서,1
담아놓고,1
들어오면,1
부어,1
심하다이게,1
높다고,1
가자,1
했다가,1
티비,1
맛없다고,1
욕먹음,1
심각해서,1
입은,1
토요일,1
먹었으면,1
억울했울,1
맛없다는,1
많앗당,1
맛있었던,1
세도,1
세지,1
믿음,1
스러워,1
되었습니다,1
차있었지만,1
수면,1
특이점,1
감면에서,1
소면,1
겉절이,1
먹었구요,1
진하면서도,1
큼직하게,1
올라가는,1
살코기,1
무척,1
부드러웠구요,1
많았는지,1
상가,1
맛일,1
할래요,1
편입,1
많습니다,1
박합니다,1
뿐이구요,1
까나리,1
액젓,1
담근,1
적당하며,1
싱거울,1
됩니다면,1
굵은데,1
갈리,1
으론,1
먹고나서,1
더부룩하지도,1
좋았구요,1
근방,1
돈값,1
아닐지라도,1
뚜벅,1
여행자,1
맡겨,1
내려,1
배고프니까,1
대략,1
기다린듯,1
같진,1
않다우리,1
차례,1
차있고,1
쳐서,1
효로,1
특별하지,1
엄지,1
올릴만,1
박했는데,1
하곤,1
남겼다,1
ㅋㅋㅋㅎ,1
누린네,1
있나보다,1
가볍게,1
즐기고자,1
가볼만,1
갈리길래,1
됐던,1
봤다오전,1
있었다인이나,1
합석,1
꺼려하는,1
삶아놓고,1
맛없을,1
놀랐다고,1
짐하,1
작년,1
싱겁거나,1
적당하다고,1
느꼈다,1
남자친구,1
김포,1
들러서,1
맛있었다하지만,1
글쎄,1
다웨이,1
기일,1
좋아하고,1
이었,1
다양,1
이라길래,1
빠르긴,1
뻔했다,1
들었다,1
이왕,1
먹자는,1
찾아보고,1
내리자마자,1
달려갔다,1
였음에도,1
서있었다,1
서있다고,1
서있지,1
명단,1
들어갈,1
들어가자마자,1
채워서,1
시키자마자,1
따끈하고,1
야들야들하니,1
많기,1
없다면,1
많지만,1
빠르다,1
마침,1
독특해서,1
했는데요,1
적당했습니다,1
종료,1
찾아갔는데,1
맵칼,1
단맛,1
못지않은,1
시킨지,1
안되어,1
빠진,1
하의,1
닫아서,1
원인,1
믿겠다,1
먹는거였다,1
특별할,1
먹으니까,1
직관,1
스타벅스,1
놀랐지만,1
비싼거,1
괜찮다고하고,1
되어있어서,1
불편함,1
쌓아,1
한적했음,1
오해,1
깔끔했음,1
인맛,1
했던가,1
저하,1
뿐이었는데,1
담아놓은,1
먹고싶지,1
말라있었다,1
느끼하고,1
달던지,1
상호,1
답지,1
마싯서요,1
추강,1
맛있고요,1
열어여,1
해유,1
되로,1
충격,1
점심식사,1
주유소,1
쌩뚱맞,1
스벅,1
있을줄,1
지나쳐서,1
살면서,1
묵어,1
왔던,1
집도,1
따라올,1
달지도,1
잡내,1
받으세,1
나오기전에,1
슬픈,1
사연,1
보유,1
모자라,1
아악,1
ㅠㅡㅠ,1
흰밥,1
올려서,1
ㄷㄷㄷ,1
이러지,1
마세,1
슨생,1
이임,1
맛잏,1
어떡휘,1
ㅓㅠㅠ,1
잊은것은,1
아니다라고,1
신들린,1
살았다,1
들며,1
괜히,1
뿌듯해지곤,1
한닼,1
행복합,1
미다,1
유일하게,1
후회되는,1
넣지,1
않은것,1
흐어,1
앉기,1
하기나와의,1
약속,1
가득가득,1
솔솔,1
나는게,1
도의,1
생각날,1
도로,1
정취,1
나타날,1
우리말,1
넘었는데,1
벌써,1
빈자리,1
옹기,1
담겨져,1
색다른,1
했음,1
짠에,1
길들여있지만,1
않다면,1
편해진다,1
물건,1
미니멀리즘,1
실현,1
미니,1
초록,1
머물다,1
온것,1
체적,1
베어서,1
채식,1
배부르고,1
넉넉하고,1
멋졌다,1
온다면,1
하세용,1
고요하고,1
나오자마자,1
은행,1
대추,1
춧잎,1
맞고,1
그러겠지만,1
심심했어요,1
들께,1
끊기고,1
푸석해서,1
낯설었어요,1
적다고,1
배도,1
불렀어요,1
쫀독,1
전과,1
스님,1
보이더군요,1
요양,1
아쉬웠고,1
전이,1
긋하니,1
예뻐요,1
편해요,1
약하고,1
조화롭지는,1
사름한,1
쓰기,1
했구,1
이라기,1
딱딱하며,1
끊어지는,1
물린다,1
뻑뻑,1
갈릴듯,1
불호,1
호인,1
소환,1
시절,1
잇게하지만,1
배기,1
이길래,1
걸려서,1
태도,1
왔지,1
찾아갈만,1
아니며,1
바라는건,1
매너,1
착하시길,1
즐거운,1
망치길,1
타면,1
이며,1
불친절하고,1
싸가지,1
비오는데,1
기다리라,1
주실,1
있냐고하니,1
돼요,1
글자,1
스럽기,1
없네요,1
아니었는데,1
대자,1
나오셔,1
차세요,1
없었네요,1
비율,1
다프,1
차이즈중,1
났구요,1
비쌋어,1
휴지통,1
용품,1
어따,1
버려,1
스럽,1
나오면서도,1
높은걸,1
의문,1
머릿속,1
가득했던,1
다녀왔습니다,1
맛있을까요,1
완벽하고,1
파의,1
편히,1
오름,1
접때,1
백퍼,1
할거라,1
토욜,1
한산해서,1
더더,1
가보았는데,1
느꼈네요,1
에어컨,1
선풍기,1
버텨야하는데,1
줄줄,1
흐르더군요,1
볶이,1
적었음,1
입천장,1
까졌구요,1
끊임없이,1
들어가요,1
루프,1
차양,1
편했을거,1
끝나고,1
일상,1
복귀,1
하던,1
친절하신,1
받았어요,1
가봐야겠다,1
시켰도,1
좁아,1
붐빈,1
평화로워서,1
걷기,1
않으나,1
다녀왔어요,1
추운데,1
오들오들,1
당연하고,1
들어갔고,1
받아도,1
했거든요,1
들어온,1
순서,1
주시더라고요,1
하신,1
했다고,1
가져가시려는데,1
들어오신,1
드리는게,1
맞다고,1
정중하게,1
서쪽,1
비슷하고,1
똑같음,1
있고요,1
어릴,1
일식집,1
꼭대기,1
강츄,1
츄츄,1
까하고,1
맛보고,1
촘촘히,1
가해,1
와사비,1
무리니,1
비추전혀,1
모던,1
적당한,1
퓨전,1
흔하게,1
상이,1
물린다면,1
괜챦,1
쥬얼,1
곁들여,1
다녀왔다,1
볶아내어,1
곁들인,1
리조또,1
생크림,1
또는,1
휘핑크림,1
넣은듯,1
고소하면서,1
눅진한,1
절묘히,1
이루어,1
다져서,1
좋더라,1
살렸다,1
실한,1
오른다,1
데코,1
만족스러웠음,1
추정,1
시원하면서,1
달다,1
으로만,1
달큼하면서,1
팔면,1
허나,1
멱살,1
끌어,1
올린다,1
꼭꼭,1
정갈히,1
않은데,1
아란치니,1
귀엽다,1
찾아와,1
만당,1
이쁘고,1
되어서,1
혼밥,1
예뻐서,1
들도,1
수록,1
깍두기,1
사이다,1
땅콩,1
느끼해서같이,1
먹겠더라구요,1
마리나,1
올려주시는데,1
까먹는,1
까먹고,1
아작,1
느끼할,1
잘맞아요,1
뜨는,1
고급스러운,1
내관,1
괜찮았다,1
심심할듯,1
버터,1
맛있었으나,1
까득까득,1
씹음,1
느끼했지만,1
지나갈,1
괜찮을듯,1
꼬소,1
리조토,1
이었요,1
짠맛,1
있으면서,1
은근,1
어울리고,1
시원하다,1
치웠당,1
아니어,1
서지,1
벤치,1
견뎌,1
냈다,1
배틀트립,1
나왔다고,1
아담하게,1
휴게소,1
연남동,1
느끼한게,1
쓰던데,1
먹는지는,1
넓다,1
명당,1
골라,1
힘들었다,1
파도,1
바람소리,1
들으면서,1
먹는다는게,1
만들어서,1
쓴다고,1
브랜드,1
같지,1
들어가기에,1
따지자면,1
편인것,1
엄청나진,1
만이라도,1
인생샷,1
마싯다,1
고양,1
어어,1
아니구,1
친절하시구,1
데이트,1
괜춘할듯,1
해안가,1
오셔용,1
분이면,1
방파제,1
낚시,1
보인다,1
가는것을,1
다문,1
어라면은,1
진하다,1
착하고,1
경치,1
갈거,1
같다인,1
슐랭,1
가이드,1
부문,1
친절하세요,1
나옵니당,1
좋아용,1
다른건,1
느꼈어요,1
어쨌든,1
팔고,1
맞은편,1
가기전에,1
해봐야,1
비싼가,1
할수,1
모르겠다해,1
물라,1
끓여주셨다,1
가리비,1
모시조개,1
바지락,1
조개류,1
스러웠었다,1
갈바,1
배고파서,1
실패할까봐,1
지은,1
주셨어요,1
간혹,1
오래된듯,1
있던데,1
드려,1
요망,1
정상,1
무쳐서,1
깔끔하네요,1
색깔,1
뽀얀,1
쓰신,1
강해요,1
아플만큼,1
효과,1
잡히지,1
강하니,1
들어가도,1
느껴지진,1
신랑,1
친절하셔서,1
진함,1
와의,1
해물뚝배기,1
찍었는데,1
리얼,1
리가,1
본자,1
ㅁㅁ,1
그리워,1
잇고,1
꿀잼꿀몸,1
상추,1
안보,1
우우,1
우응,1
로어,1
오아아,1
뭊옥껀,1
국재,1
해주면,1
이럴,1
넣어줘서,1
좋긴,1
다르다,1
심할건,1
상당,1
이끌어,1
낸다는,1
아시겠,1
여길,1
아닌게,1
타령,1
미쳤나보다,1
길거리,1
수많은,1
떨어지지,1
폭탄,1
잡울까,1
염려,1
머문지,1
일만,1
아닌지,1
돌아,1
누은,1
절대로,1
불리한,1
동태,1
시킨다,1
탐라국,1
하였고,1
들렀사옵니다,1
탐라,1
에서만,1
궁금했으나,1
나오자,1
알수,1
온데,1
없었,1
사오만,1
방울,1
안남,1
사오니,1
하옵니다,1
다르단다,1
싸고,1
잇어요,1
중인,1
차림,1
인사,1
나왔지,1
금도,1
마트,1
갈까,1
망설인다,1
소름끼치게,1
충분한거,1
이틀,1
좋구요,1
바싹,1
불편하고,1
바뀌는,1
번째,1
유난히,1
배추,1
쏘요,1
들릴만,1
하다대,1
만가,1
좋다같이,1
미만,1
바뀌나,1
보네요,1
먹었는데요,1
야할거,1
던집인데,1
보는데,1
말고는,1
입산,1
더라고요,1
유지,1
되는거겠죠,1
잡으셨으면,1
이류,1
튀기듯이,1
바삭바삭,1
담백하게,1
굽는,1
힘들어서,1
뜯으셔야,1
친한,1
인붕,1
완죤,1
대학가,1
삼겹살,1
두꺼워용,1
배부를,1
심보,1
담도,1
잡혀있는,1
무인,1
받았다,1
했더니,1
조용했고,1
되어있다,1
표시,1
돼있다,1
몇번,1
읽으며,1
안하나요,1
질문,1
많았나보다,1
들어서는,1
구이만,1
하고있습니다,1
문구,1
짠하기도,1
명시,1
적어놓은,1
보면나는,1
먹기전,1
컸다,1
많다는,1
보고왔는데,1
않은가,1
시킨건,1
고픈데,1
선입견,1
뇌리,1
박혔다,1
묵은,1
신맛,1
우셨던것으로,1
파삭,1
안은,1
촉촉했다,1
인심,1
느껴지는,1
성적,1
왈소리,1
싶으시겠지만은,1
제도,1
영향,1
컸던,1
고파서,1
개정,1
시키려,1
받으시더라,1
사투리,1
들어가면서,1
맛있냐고,1
물어보시면,1
맛있다하며,1
져있는,1
정은,1
까탈,1
스럽죠,1
까탈레나,1
준비,1
해피,1
방법,1
고프실,1
자로,1
올랐더라구요,1
크으,1
맛있었구,1
훌륭했습니다,1
당시,1
종업원,1
느리셔서,1
답답했지만,1
려니,1
넘어갔습니다,1
들를거에요,1
괜찮아요,1
찾아서,1
새로하거나,1
사오,1
준수,1
뛰어난,1
삼고초려,1
실패하고,1
성공한,1
먹었기에,1
목표,1
금액,1
되었어요,1
앞앞,1
들어간거,1
왔더라면,1
다시오기로,1
먹는다니,1
먹어야겠는,1
해수욕장,1
김녕해수욕장,1
가는길,1
해수욕,1
부랴부랴,1
씻고,1
마감,1
감사하던지,1
하다고,1
좋아했어요,1
에소,1
있길래,1
하려하니,1
나온다는,1
커피한잔,1
언급,1
하기에도,1
적절하지,1
저렴하다는게,1
헷갈릴,1
로만,1
녹는다가,1
적당해서,1
게다,1
싶게,1
살려줄만큼만,1
구이조,1
먹었는지라,1
되었는데,1
말리,1
탱글탱글해는,1
탱글탱글하다,1
글함,1
부족하다,1
싶었고,1
비린듯,1
느껴졌어요,1
아니고,1
나오면,1
했지요,1
도돔,1
도톰했어요,1
가보세요,1
않으실거,1
부와,1
소품샾,1
이어져있어서,1
식후,1
재미있었어요,1
겁나게,1
야할듯,1
음가,1
만한데,1
볶아주는,1
아니구요,1
가까우면,1
몰라도,1
킬로,1
달려가기는,1
자자한,1
반갑다,1
이러다,1
떠지더군요,1
툭툭,1
비벼서,1
들어있던,1
개운했어요,1
딸려,1
바빠주시고,1
없었지만,1
보충,1
이렇게나,1
짐하다,1
만삼천원,1
저렴한데,1
구좌읍,1
딱이다,1
따리,1
맛있었구요,1
만족하셨어요,1
보다도,1
좋다고,1
하셨어요,1
친절하셨구,1
모델링,1
했는지,1
깔끔했구,1
먹을수도,1
처넌,1
먹고싶어,1
했나,1
보더라구요,1
기사,1
내려주신,1
시켰습니다,1
저렴해서,1
저렴하니까,1
데이,1
만족스러웠어요,1
구워져서,1
짭쪼름하,1
차려주는,1
가보시는,1
같네,1
요가,1
재주,1
훌륭,1
가능한것도,1
엽차,1
대가족,1
가려구요,1
반모,1
넓고,1
아녔다면,1
갔을듯,1
편한,1
놀랍니다,1
해물전,1
잘나와요,1
녹차,1
냄비,1
심심하게,1
치곤,1
편고기,1
이라도,1
줬으면,1
줬겠다,1
처마,1
제비집,1
저렴하게,1
건강해지는,1
건강해,1
나나,1
들어있어서,1
갔던건데,1
재밌음,1
머리카락,1
비위,1
가약,1
집나만,1
알고싶은,1
집더,1
수정,1
해보면서,1
느끼는거지만,1
소주,1
내려갈,1
서민,1
좋아하는것,1
몸국집,1
주말,1
들어간다고,1
말랭이,1
앉을,1
용두암,1
있다가,1
확장,1
언제나,1
맛있었기에,1
먹자마자,1
번쩍,1
뜨인,1
갈릴,1
타입,1
완벽했네요,1
김희선,1
낭패,1
많던지,1
예랑,1
해줘서,1
구수하다,1
들어진,1
무침과,1
어울리는지,1
있을듯,1
아니었어,1
기호,1
꼽혔으니까,1
무침은,1
별다를것,1
느끼함,1
잡아주는,1
일등,1
공신,1
살려,1
보구,1
칼칼하지만,1
하고싶습니다,1
친절하시,1
국고,1
사리,1
예상외,1
놀랐,1
어요,1
맛있가고,1
하셨,1
얼큰하니,1
용이,1
더할,1
나위,1
완벽할듯,1
모르고,1
헛탕,1
돌아가,1
먹을수있어서,1
얼려서,1
판매,1
되던데,1
날이였다면,1
가져갔을듯,1
친절해서,1
길고,1
먹어야지,1
다각,1
정체,1
떠있는데,1
파래,1
무침도,1
인간,1
아니었단,1
분께는,1
미안하지만,1
남긴거,1
아담한데,1
보였음,1
진짜진짜,1
퇴근,1
끝나서,1
아쉬워용,1
묵찍,1
부족해용,1
신선하거,1
강합니다,1
싱겁게,1
맞았습니다,1
익힘,1
무는,1
얇아서,1
생갈,1
자반,1
마카로니,1
구워져,1
들었어요,1
먹음짭쪼름,1
베어있는,1
ㅊㅅ,1
밋밋한,1
실망했었는데,1
승식,1
훌륭했다,1
간판,1
바뀐듯,1
긴거,1
개루,1
전번,1
꼽자,1
익혀주셨으면,1
통통하니,1
배고,1
딱딱했네요,1
그런거였겠죠,1
닫혀서,1
신관,1
친절하구,1
시켜야,1
탁월한,1
칼칼하고,1
먹었었는데,1
도막,1
맛있네용,1
간간히,1
배우려고,1
있었죠,1
찾아봤던,1
포스팅,1
상단,1
오른,1
이었지만,1
현재,1
살결,1
무지개,1
난다는,1
남친,1
군더더기,1
없더라구요,1
비법,1
들어간다는,1
비결,1
함께라,1
고슬고슬하니,1
맛있었아요,1
먼서,1
수다,1
떠는데,1
좋더라구요,1
되시는지,1
내셨다고,1
하시니,1
많아도,1
가보시면,1
맛보,1
횟집,1
즐겨도,1
응갓,1
가능한듯,1
평범하고,1
최소한,1
정량,1
나와야지,1
ㅆㅂ,1
들렀다오,1
들렀더니,1
한가해서,1
올랐지만,1
아직,1
어렵다가,1
라니,1
국산,1
맛있는지도,1
집이있다고,1
힘들었는데도,1
바글바글,1
보고싶고,1
더워서,1
해보자면,1
올랐다곤,1
하는데도,1
자연스레,1
가요,1
외치,1
만들었다,1
맞았고,1
미나리,1
강해서,1
일이,1
또다시,1
올거,1
같다고,1
비우게,1
시크릿,1
기요,1
느끼,1
적합한,1
싶지만,1
세태,1
벗어나는,1
베도,1
이런거,1
온거,1
패키지,1
잡다한,1
맞추기엔,1
부류,1
다량,1
출동,1
배경음악,1
재즈,1
향토,1
훌륭하다,1
크지는,1
후라이드,1
튀기듯,1
구워,1
불맛,1
짭쪼롬한,1
힘든데,1
훌륭합니다,1
화산,1
폭팔,1
멋집니다,1
관점,1
잘나옵니다다만,1
쓰셔야,1
할것,1
불가,1
튀긴듯이,1
갖가지,1
ㅎㅎㅎㅎ,1
튀겨주셔서,1
성하니,1
모자랐어요,1
만족합니다,1
좋으나,1
물컵,1
않아,1
떨어질것,1
같앗다,1
물통,1
뚜껑,1
입구,1
더러웠음,1
포실포실,1
올라와서,1
깔끔하다는,1
어둑어둑,1
가정식,1
곱니다,1
넘으려면,1
있거나,1
뛰어나게,1
맛있거나,1
갖춰야하는데,1
허수,1
떠나,1
신선도,1
불만족,1
스러웠습니다,1
냉장고,1
며칠,1
묵혔다,1
내놓은,1
어딘가,1
죽어있는,1
맞춘,1
짰고,1
편이었어요,1
의미,1
딱딱한,1
퍽퍽,1
가시도,1
발라져있는지,1
찌르더라구요,1
평범했습니다,1
있다는,1
아까워지는,1
달이,1
되어가는데도,1
느낀,1
아직도,1
생각나,1
적당하고,1
야들야들하고,1
나용,1
말린거,1
났어용,1
딱인,1
찾고,1
계신,1
드립니당,1
배부,1
싸게,1
낭비,1
인거,1
아니냐고,1
갔어요,1
개수,1
홀렸,1
적정한,1
들이었어요,1
적게,1
돔배,1
특산,1
투어,1
알려주신,1
이중섭,1
골고루,1
보물섬,1
했으나,1
알았으나,1
청경채,1
국맛,1
와는,1
맞음,1
먹으려면,1
실하다,1
나오는데도,1
걸렸고,1
먹나,1
싶더라구요,1
고추장,1
이거야,1
치더라도,1
먹어야겠어요,1
잡아도,1
유명하고,1
선다고,1
긴장,1
없거,1
생겨서,1
일전,1
두껍고,1
갈치였음,1
있었으나,1
스타,1
일다,1
시키는것,1
먹어야겠다,1
나갈,1
되니까,1
생기더라,1
건지는,1
들긴,1
될수도,1
유명했지만,1
요미,1
유명해졌다는,1
유명하다길래,1
가보았어요,1
한쪽,1
연예인,1
싸인,1
많았,1
고갈,1
치구,1
두툼,1
먹으라고,1
알겠더라고요,1
친절하셨고,1
좋아하진,1
받는군요,1
아쉽네요,1
빼곤,1
별도,1
호구,1
잇다고,1
남기는,1
않겠으나,1
산를,1
삼만원,1
늦게와,1
가려던,1
인걸,1
직전,1
에야,1
버려서,1
에다,1
돌하니,1
남았다,1
편이었는데,1
이었다는,1
비싸지만,1
크더라구요,1
랑은,1
달랐어요,1
보시,1
국자,1
있었고요,1
할만,1
삼삼해서,1
특별했습니다,1
무게,1
달랐는데,1
끓이기,1
볶다가,1
강하더라고요,1
색도,1
투명하지,1
은은한,1
초록빛,1
잡아줘서,1
평범했어요,1
재미있게도,1
좋았네요,1
떨어져요,1
깜빡,1
화나셨어요,1
인터넷,1
올리라고,1
적습니다,1
미지근하게,1
재활용,1
아니냐며,1
클레,1
걸었는데,1
온도,1
하시며,1
죄송하다고,1
갖다주셨는데,1
따뜻해,1
베여,1
나오시고,1
이야기,1
초심,1
잃지,1
마시고,1
하셨으면,1
좋겠습니다,1
왔으면,1
야하니,1
수요,1
회의,1
넘어,1
비어있는,1
들어가기,1
사이,1
귀퉁이,1
쉽지는,1
않기에,1
동문,1
시장,1
걸린듯,1
더운데,1
길이,1
그늘,1
빼면,1
적당했어요,1
유명하니,1
당기는,1
동감,1
맛있더라는,1
외로,1
탱탱한데,1
편해서,1
높았어요,1
갈치인줄,1
신선하니,1
적절했어요,1
번잡,1
하다는,1
걸러,1
맛있네,1
만족스러,1
없어지나,1
보더,1
무지무지,1
만큼은,1
흙돼지,1
들어었어서,1
갈릴것,1
완벽,1
아끼지,1
않음에도,1
아쉽지,1
기대하고,1
엄청났다,1
비싼만큼,1
알차고,1
조용조,1
용하니,1
여유롭게,1
타이밍,1
앉긴,1
평상시,1
늦어서,1
괜찮았고,1
그랬고,1
프랜차이즈,1
심하네요,1
불친절해서,1
오고싶지,1
태풍,1
부하,1
부리듯이,1
특별함이,1
할꺼,1
없다고,1
배운,1
솜씨,1
청출어람,1
아니더라,1
든든해서,1
굶어도,1
아쉬우니,1
떼울만,1
찾아보니,1
배우신,1
차리신,1
대감,1
갖고,1
장난,1
아니라는,1
접객,1
붙어서,1
있긴,1
기다리지,1
먹었음,1
대파,1
쳐인,1
어짜피,1
거들,1
관건,1
받았던,1
받지는,1
제철,1
잡아,1
튀겼고,1
얇으면서,1
겼고,1
잡내가,1
돼지롤까스,1
모짜렐라,1
체다,1
튀기다,1
하겠더라,1
괜찮,1
긴한데,1
부르는,1
멀긴,1
대리,1
그리워지는,1
트레,1
식탁,1
신발,1
쩍쩍,1
달라붙음,1
비슷함,1
떠나서,1
다신,1
없을듯,1
과대,1
지난번,1
낮네시,1
기다리지도,1
간식,1
식탐,1
인과,1
씹으면,1
아플,1
바사삭,1
거림,1
주니,1
볶에,1
쫀쫀해,1
많을까봐,1
맛있었을듯,1
쓱쓱,1
같은건데,1
튀기니까,1
느껴짐,1
느낌이었음,1
몰고가,1
운전자,1
리기,1
여우비,1
맞으면서,1
추웠을,1
섰지만,1
맛없는건,1
아닙니다만,1
느꼈습니다,1
매우면서,1
바삭바삭함,1
기다리면서까지,1
먹어야하는지는,1
점원,1
덕후,1
는걸,1
아까웠던,1
번은,1
떠오르지,1
좋을듯,1
비싸다,1
손맛,1
무관,1
그랬다,1
들어가있음,1
쫄깃쫄깃하,1
자꾸나,1
배불렀던,1
이바,1
맛있는게,1
대해,1
하자,1
할머님,1
끓여주시는,1
찐하고,1
찐한,1
알싸한,1
다라면이,1
맛있다기,1
물씬,1
이었기에,1
만족했던,1
망설이다,1
간곳,1
없었고,1
친절하셨다,1
칠천원,1
맛보는,1
에서의,1
최애,1
될줄이야,1
꼬숩,1
같은데도,1
충실한,1
곳년전,1
평범함,1
유명한데,1
상상,1
납니다이,1
홍합,1
치셔요,1
찾는거,1
불가능,1
지나가던,1
경미,1
없냐구,1
값어치,1
하늘,1
따귀,1
때리고,1
공중,1
제비,1
삼십,1
돌하르방,1
문질러야,1
한적,1
홍해,1
삼은,1
품절,1
게으름,1
들어있는거,1
비싸다고,1
싱싱하기까지,1
해삼,1
합리,1
맛있다는데,1
그럴줄,1
먹고싶을,1
얼큰하게,1
크아,1
나는듯,1
왈여긴,1
흡사,1
부암동,1
자하,1
전골,1
왔음,1
깨끗한,1
지식,1
특별한지는,1
무거운,1
만두전골,1
겨자,1
익으면,1
마무리,1
얇고,1
먹는걸,1
맞았어요,1
만들어주신,1
비슷해서,1
싱겁다고,1
꼬들꼬들해서,1
부담,1
스럽지,1
친절하셔용,1
질도,1
괜찮네요,1
들어오시더라구요,1
기다려야겠구나,1
대도시,1
먹을데,1
들어서면,1
대응,1
안하,1
데일,1
친절,1
여분,1
기다려도,1
물어보니깐,1
내주세요,1
힘들지만,1
만두국,1
정확한,1
주소,1
바뀌,1
대기해,1
없는듯,1
편함,1
지난해,1
가정,1
해말에,1
새로,1
생긴,1
하셨더군요,1
외국인,1
변했으련,1
아롱사태,1
아내,1
중국,1
맛있으니,1
갈만,1
